{
  "Profiles": [
    {
      "ASCII Anti Aliased": true,
      "Ambiguous Double Width": false,
      "Ansi 0 Color": {
        "Alpha Component": 1,
        "Blue Component": 0.11764705926179886,
        "Color Space": "sRGB",
        "Green Component": 0.098039217293262482,
        "Red Component": 0.078431375324726105
      },
      "Ansi 0 Color (Dark)": {
        "Blue Component": 0,
        "Green Component": 0,
        "Red Component": 0
      },
      "Ansi 0 Color (Light)": {
        "Blue Component": 0,
        "Green Component": 0,
        "Red Component": 0
      },
      "Ansi 1 Color": {
        "Alpha Component": 1,
        "Blue Component": 0.16300037503242493,
        "Color Space": "sRGB",
        "Green Component": 0.23660069704055786,
        "Red Component": 0.7074432373046875
      },
      "Ansi 1 Color (Dark)": {
        "Blue Component": 0,
        "Green Component": 0,
        "Red Component": 0.73333334922790527
      },
      "Ansi 1 Color (Light)": {
        "Blue Component": 0,
        "Green Component": 0,
        "Red Component": 0.73333334922790527
      },
      "Ansi 10 Color": {
        "Alpha Component": 1,
        "Blue Component": 0.56541937589645386,
        "Color Space": "sRGB",
        "Green Component": 0.9042816162109375,
        "Red Component": 0.3450070321559906
      },
      "Ansi 10 Color (Dark)": {
        "Blue Component": 0.3333333432674408,
        "Green Component": 1,
        "Red Component": 0.3333333432674408
      },
      "Ansi 10 Color (Light)": {
        "Blue Component": 0.3333333432674408,
        "Green Component": 1,
        "Red Component": 0.3333333432674408
      },
      "Ansi 11 Color": {
        "Alpha Component": 1,
        "Blue Component": 0,
        "Color Space": "sRGB",
        "Green Component": 0.8833775520324707,
        "Red Component": 0.9259033203125
      },
      "Ansi 11 Color (Dark)": {
        "Blue Component": 0.3333333432674408,
        "Green Component": 1,
        "Red Component": 1
      },
      "Ansi 11 Color (Light)": {
        "Blue Component": 0.3333333432674408,
        "Green Component": 1,
        "Red Component": 1
      },
      "Ansi 12 Color": {
        "Alpha Component": 1,
        "Blue Component": 0.9485321044921875,
        "Color Space": "sRGB",
        "Green Component": 0.67044717073440552,
        "Red Component": 0.65349078178405762
      },
      "Ansi 12 Color (Dark)": {
        "Blue Component": 1,
        "Green Component": 0.3333333432674408,
        "Red Component": 0.3333333432674408
      },
      "Ansi 12 Color (Light)": {
        "Blue Component": 1,
        "Green Component": 0.3333333432674408,
        "Red Component": 0.3333333432674408
      },
      "Ansi 13 Color": {
        "Alpha Component": 1,
        "Blue Component": 0.8821563720703125,
        "Color Space": "sRGB",
        "Green Component": 0.4927266538143158,
        "Red Component": 0.8821563720703125
      },
      "Ansi 13 Color (Dark)": {
        "Blue Component": 1,
        "Green Component": 0.3333333432674408,
        "Red Component": 1
      },
      "Ansi 13 Color (Light)": {
        "Blue Component": 1,
        "Green Component": 0.3333333432674408,
        "Red Component": 1
      },
      "Ansi 14 Color": {
        "Alpha Component": 1,
        "Blue Component": 1,
        "Color Space": "sRGB",
        "Green Component": 0.99263292551040649,
        "Red Component": 0.37597531080245972
      },
      "Ansi 14 Color (Dark)": {
        "Blue Component": 1,
        "Green Component": 1,
        "Red Component": 0.3333333432674408
      },
      "Ansi 14 Color (Light)": {
        "Blue Component": 1,
        "Green Component": 1,
        "Red Component": 0.3333333432674408
      },
      "Ansi 15 Color": {
        "Alpha Component": 1,
        "Blue Component": 1,
        "Color Space": "sRGB",
        "Green Component": 1,
        "Red Component": 0.99999600648880005
      },
      "Ansi 15 Color (Dark)": {
        "Blue Component": 1,
        "Green Component": 1,
        "Red Component": 1
      },
      "Ansi 15 Color (Light)": {
        "Blue Component": 1,
        "Green Component": 1,
        "Red Component": 1
      },
      "Ansi 2 Color": {
        "Alpha Component": 1,
        "Blue Component": 0,
        "Color Space": "sRGB",
        "Green Component": 0.7607843279838562,
        "Red Component": 0
      },
      "Ansi 2 Color (Dark)": {
        "Blue Component": 0,
        "Green Component": 0.73333334922790527,
        "Red Component": 0
      },
      "Ansi 2 Color (Light)": {
        "Blue Component": 0,
        "Green Component": 0.73333334922790527,
        "Red Component": 0
      },
      "Ansi 3 Color": {
        "Alpha Component": 1,
        "Blue Component": 0,
        "Color Space": "sRGB",
        "Green Component": 0.76959484815597534,
        "Red Component": 0.78058648109436035
      },
      "Ansi 3 Color (Dark)": {
        "Blue Component": 0,
        "Green Component": 0.73333334922790527,
        "Red Component": 0.73333334922790527
      },
      "Ansi 3 Color (Light)": {
        "Blue Component": 0,
        "Green Component": 0.73333334922790527,
        "Red Component": 0.73333334922790527
      },
      "Ansi 4 Color": {
        "Alpha Component": 1,
        "Blue Component": 0.78216177225112915,
        "Color Space": "sRGB",
        "Green Component": 0.26474356651306152,
        "Red Component": 0.15404300391674042
      },
      "Ansi 4 Color (Dark)": {
        "Alpha Component": 1,
        "Blue Component": 1,
        "Color Space": "P3",
        "Green Component": 0.44225023991117202,
        "Red Component": 0.1954198883161512
      },
      "Ansi 4 Color (Light)": {
        "Blue Component": 0.73333334922790527,
        "Green Component": 0,
        "Red Component": 0
      },
      "Ansi 5 Color": {
        "Alpha Component": 1,
        "Blue Component": 0.74494361877441406,
        "Color Space": "sRGB",
        "Green Component": 0.24931684136390686,
        "Red Component": 0.752197265625
      },
      "Ansi 5 Color (Dark)": {
        "Blue Component": 0.73333334922790527,
        "Green Component": 0,
        "Red Component": 0.73333334922790527
      },
      "Ansi 5 Color (Light)": {
        "Blue Component": 0.73333334922790527,
        "Green Component": 0,
        "Red Component": 0.73333334922790527
      },
      "Ansi 6 Color": {
        "Alpha Component": 1,
        "Blue Component": 0.78166204690933228,
        "Color Space": "sRGB",
        "Green Component": 0.77425903081893921,
        "Red Component": 0
      },
      "Ansi 6 Color (Dark)": {
        "Blue Component": 0.73333334922790527,
        "Green Component": 0.73333334922790527,
        "Red Component": 0
      },
      "Ansi 6 Color (Light)": {
        "Blue Component": 0.73333334922790527,
        "Green Component": 0.73333334922790527,
        "Red Component": 0
      },
      "Ansi 7 Color": {
        "Alpha Component": 1,
        "Blue Component": 0.78104829788208008,
        "Color Space": "sRGB",
        "Green Component": 0.78105825185775757,
        "Red Component": 0.7810397744178772
      },
      "Ansi 7 Color (Dark)": {
        "Blue Component": 0.73333334922790527,
        "Green Component": 0.73333334922790527,
        "Red Component": 0.73333334922790527
      },
      "Ansi 7 Color (Light)": {
        "Blue Component": 0.73333334922790527,
        "Green Component": 0.73333334922790527,
        "Red Component": 0.73333334922790527
      },
      "Ansi 8 Color": {
        "Alpha Component": 1,
        "Blue Component": 0.4078223705291748,
        "Color Space": "sRGB",
        "Green Component": 0.40782788395881653,
        "Red Component": 0.40781760215759277
      },
      "Ansi 8 Color (Dark)": {
        "Blue Component": 0.3333333432674408,
        "Green Component": 0.3333333432674408,
        "Red Component": 0.3333333432674408
      },